{"initial_reset_timestamp": 1547177547.718276, "timestamps": [1547177548.2336936], "episode_lengths": [15], "episode_rewards": [15.0], "episode_types": ["t"]}